{"cameraMode":{"drawMode":0,"name":"Shaded","section":"Shading Mode"},"sceneLighting":false,"audioPlay":false,"sceneViewState":{"m_AlwaysRefresh":false,"showFog":true,"showSkybox":false,"showFlares":true,"showImageEffects":true,"showParticleSystems":true,"showVisualEffectGraphs":true,"m_FxEnabled":true},"in2DMode":false,"pivot":{"x":0.07711827754974365,"y":0.28743642568588259,"z":0.05206954479217529},"rotation":{"x":-0.00932050310075283,"y":0.9906565546989441,"z":-0.09270703792572022,"w":-0.0995965525507927},"size":0.47902631759643557,"orthographic":false}