{"cameraMode":{"drawMode":0,"name":"Shaded","section":"Shading Mode"},"sceneLighting":false,"audioPlay":false,"sceneViewState":{"m_AlwaysRefresh":false,"showFog":true,"showSkybox":false,"showFlares":true,"showImageEffects":true,"showParticleSystems":true,"showVisualEffectGraphs":true,"m_FxEnabled":true},"in2DMode":false,"pivot":{"x":0.47735339403152468,"y":0.338569700717926,"z":-0.2360602617263794},"rotation":{"x":-0.03450219705700874,"y":0.9571100473403931,"z":-0.2574935555458069,"w":-0.12824559211730958},"size":0.5878704190254211,"orthographic":false}