{"cameraMode":{"drawMode":0,"name":"Shaded","section":"Shading Mode"},"sceneLighting":false,"audioPlay":false,"sceneViewState":{"m_AlwaysRefresh":false,"showFog":true,"showSkybox":false,"showFlares":true,"showImageEffects":true,"showParticleSystems":true,"showVisualEffectGraphs":true,"m_FxEnabled":true},"in2DMode":false,"pivot":{"x":0.06536971777677536,"y":0.3023150563240051,"z":-0.011994361877441407},"rotation":{"x":-0.007425908464938402,"y":0.9884735345840454,"z":-0.14213110506534577,"w":-0.05164433643221855},"size":0.5186418890953064,"orthographic":false}